{
  "FilterHeaders": [
    {
      "Header": "user-agent",
      "IncludeInScript": false
    },
    {
      "Header": "cache-control",
      "IncludeInScript": false
    },
    {
      "Header": "accept-language",
      "IncludeInScript": false
    },
    {
      "Header": "accept-encoding",
      "IncludeInScript": false
    },
    {
      "Header": "accept",
      "IncludeInScript": false
    }
  ],
  "FilterResources": [
    {
      "IsNonResource": true,
      "type": "text/html"
    },
    {
      "IsNonResource": false,
      "type": "text/css"
    },
    {
      "IsNonResource": false,
      "type": "image/png"
    },
    {
      "IsNonResource": false,
      "type": "image/jpeg"
    },
    {
      "IsNonResource": false,
      "type": "application/javascript"
    }
  ],
  "GeneralInfo": {
    "BrowserVersion": "",
    "MaxUsedConnections": 10,
    "RecordedBrowser": "Internet Explorer",
    "RecordingDate": "1月-10-2019",
    "RecordingDuration": 56781,
    "RecordingTimeStamp": 1547100446,
    "TotalBytesReceived": 1213290,
    "TotalBytesSent": 8283,
    "TotalRequests": 22
  },
  "HostInfo": [
    {
      "DomainName": "localhost",
      "Domains": [
        {
          "HTTPVersion": "HTTP/1.1",
          "IP": "[::1]",
          "IncludeInScript": true,
          "Name": "localhost",
          "Port": 8080,
          "Requests": [
            {
              "CompressionType": "",
              "DataType": "text/html",
              "DownloadTime": 15,
              "EventId": 136,
              "HttpStatus": 404,
              "Size": 1079,
              "URL": "http://localhost:8080/favicon.ico"
            },
            {
              "CompressionType": "",
              "DataType": "image/jpeg",
              "DownloadTime": 31,
              "EventId": 101,
              "HttpStatus": 200,
              "Size": 20481,
              "URL": "http://localhost:8080/Timeline/img/1.jpg"
            },
            {
              "CompressionType": "",
              "DataType": "image/jpeg",
              "DownloadTime": 47,
              "EventId": 96,
              "HttpStatus": 200,
              "Size": 34679,
              "URL": "http://localhost:8080/Timeline/img/6.jpg"
            },
            {
              "CompressionType": "",
              "DataType": "image/jpeg",
              "DownloadTime": 79,
              "EventId": 91,
              "HttpStatus": 200,
              "Size": 59250,
              "URL": "http://localhost:8080/Timeline/img/10.jpg"
            },
            {
              "CompressionType": "",
              "DataType": "image/jpeg",
              "DownloadTime": 47,
              "EventId": 85,
              "HttpStatus": 200,
              "Size": 88337,
              "URL": "http://localhost:8080/Timeline/img/2.jpg"
            },
            {
              "CompressionType": "",
              "DataType": "image/jpeg",
              "DownloadTime": 62,
              "EventId": 83,
              "HttpStatus": 200,
              "Size": 31323,
              "URL": "http://localhost:8080/Timeline/img/5.jpg"
            },
            {
              "CompressionType": "",
              "DataType": "image/jpeg",
              "DownloadTime": 94,
              "EventId": 81,
              "HttpStatus": 200,
              "Size": 120617,
              "URL": "http://localhost:8080/Timeline/img/4.jpg"
            },
            {
              "CompressionType": "",
              "DataType": "image/jpeg",
              "DownloadTime": 62,
              "EventId": 77,
              "HttpStatus": 200,
              "Size": 354270,
              "URL": "http://localhost:8080/Timeline/img/9.jpg"
            },
            {
              "CompressionType": "",
              "DataType": "image/jpeg",
              "DownloadTime": 46,
              "EventId": 75,
              "HttpStatus": 200,
              "Size": 12313,
              "URL": "http://localhost:8080/Timeline/img/8.jpg"
            },
            {
              "CompressionType": "",
              "DataType": "image/jpeg",
              "DownloadTime": 47,
              "EventId": 73,
              "HttpStatus": 200,
              "Size": 16444,
              "URL": "http://localhost:8080/Timeline/img/7.jpg"
            },
            {
              "CompressionType": "",
              "DataType": "image/jpeg",
              "DownloadTime": 62,
              "EventId": 71,
              "HttpStatus": 200,
              "Size": 39192,
              "URL": "http://localhost:8080/Timeline/img/3.jpg"
            },
            {
              "CompressionType": "",
              "DataType": "application/javascript",
              "DownloadTime": 15,
              "EventId": 69,
              "HttpStatus": 200,
              "Size": 157,
              "URL": "http://localhost:8080/Timeline/js/home.js"
            },
            {
              "CompressionType": "",
              "DataType": "text/css",
              "DownloadTime": 31,
              "EventId": 67,
              "HttpStatus": 200,
              "Size": 322,
              "URL": "http://localhost:8080/Timeline/css/registerSuccess.css"
            },
            {
              "CompressionType": "",
              "DataType": "text/css",
              "DownloadTime": 16,
              "EventId": 65,
              "HttpStatus": 200,
              "Size": 2181,
              "URL": "http://localhost:8080/Timeline/css/home.css"
            },
            {
              "CompressionType": "",
              "DataType": "text/html",
              "DownloadTime": 844,
              "EventId": 62,
              "HttpStatus": 200,
              "Size": 9275,
              "URL": "http://localhost:8080/Timeline/home.jsp?id=612"
            },
            {
              "CompressionType": "",
              "DataType": "text/html",
              "DownloadTime": 93,
              "EventId": 58,
              "HttpStatus": 302,
              "Size": 0,
              "URL": "http://localhost:8080/Timeline/LoginServlet"
            },
            {
              "CompressionType": "",
              "DataType": "text/html",
              "DownloadTime": 16,
              "EventId": 46,
              "HttpStatus": 404,
              "Size": 1079,
              "URL": "http://localhost:8080/favicon.ico"
            },
            {
              "CompressionType": "",
              "DataType": "image/png",
              "DownloadTime": 16,
              "EventId": 18,
              "HttpStatus": 200,
              "Size": 406705,
              "URL": "http://localhost:8080/Timeline/img/login.png"
            },
            {
              "CompressionType": "",
              "DataType": "application/javascript",
              "DownloadTime": 0,
              "EventId": 16,
              "HttpStatus": 200,
              "Size": 1064,
              "URL": "http://localhost:8080/Timeline/js/login.js"
            },
            {
              "CompressionType": "",
              "DataType": "text/css",
              "DownloadTime": 16,
              "EventId": 14,
              "HttpStatus": 200,
              "Size": 5892,
              "URL": "http://localhost:8080/Timeline/css/index.css"
            },
            {
              "CompressionType": "",
              "DataType": "text/css",
              "DownloadTime": 0,
              "EventId": 12,
              "HttpStatus": 200,
              "Size": 4089,
              "URL": "http://localhost:8080/Timeline/css/style.css"
            },
            {
              "CompressionType": "",
              "DataType": "text/html",
              "DownloadTime": 16,
              "EventId": 10,
              "HttpStatus": 200,
              "Size": 4541,
              "URL": "http://localhost:8080/Timeline/"
            }
          ],
          "SSLCipher": "None",
          "SSLVersion": "None"
        }
      ],
      "IncludeInScript": true
    }
  ],
  "WebSocket": {
    "IncludeInScript": false,
    "IsScriptIncludeWebSocket": false
  },
  "NumberOfCorrelations": 0
}