﻿<?xml version="1.0"?>
<!DOCTYPE Report
[
<!ELEMENT Report (General ,(Doc|BPT)) >
<!ATTLIST Report ver CDATA #REQUIRED tmZone CDATA #REQUIRED>

<!ELEMENT General ( DocLocation ) >
<!ATTLIST General productName CDATA #REQUIRED productVer CDATA #REQUIRED os CDATA #REQUIRED host CDATA #REQUIRED qcserver CDATA #IMPLIED qcproject CDATA #IMPLIED SolManSolutionId CDATA #IMPLIED SolManProjectId CDATA #IMPLIED SolManTestPlanId CDATA #IMPLIED SolManTestPackageId CDATA #IMPLIED SolManUserInfoData CDATA #IMPLIED  >

<!ELEMENT BPT (DName,Res,DVer?,TSet?,TInst?,NodeArgs,AdditionalInfo*,Doc*) >
<!ATTLIST BPT rID ID #REQUIRED >

<!ELEMENT Doc (DName,ConfName?,Res,DVer?,TSet?,TInst?,RunType?,DT?,AdditionalInfo*,Step*,DIter*,Step*,Action*,Doc*,Summary?,TestMaintenanceSummary*,NodeArgs?) >
<!ATTLIST Doc rID ID #REQUIRED type (Test|BC|BPTWrapperTest|Flow|Group|Action) "Test" productName CDATA #REQUIRED BCIter CDATA #IMPLIED >

<!ELEMENT RunType ( #PCDATA )>
<!ATTLIST RunType fmStep (False|True) "False" batch (False|True) "False" upDesc (False|True) "False" upChk (False|True) "False" upAS (False|True) "False">

<!ELEMENT DName ( #PCDATA ) >

<!ELEMENT ConfName ( #PCDATA ) >

<!ELEMENT Res ( #PCDATA ) >

<!ELEMENT AdditionalInfo (AdditionalDataName,AdditionalDataValue ) >

<!ELEMENT AdditionalDataName ( #PCDATA ) >

<!ELEMENT AdditionalDataValue ( #PCDATA ) >

<!ELEMENT DVer ( #PCDATA ) >

<!ELEMENT TSet ( #PCDATA ) >

<!ELEMENT TInst ( #PCDATA ) >

<!ELEMENT DIter (Step*,Action+,Summary?,NodeArgs)>
<!ATTLIST DIter rID ID #REQUIRED iterID CDATA #REQUIRED>

<!ELEMENT DocLocation ( #PCDATA )>

<!ELEMENT Action (AName,AIter*,(Step|HtmlStep|Action)*, Summary,ActionMaintenanceSummary*, NodeArgs ) >
<!ATTLIST Action rID ID #REQUIRED>

<!ELEMENT AIter ((Step|HtmlStep|Action)*,DataMapping?, Summary?,NodeArgs) >
<!ATTLIST AIter rID ID #REQUIRED iterID CDATA #REQUIRED isCountable (False|True) "False" >

<!ELEMENT AName ( #PCDATA ) >

<!ELEMENT TestMaintenanceSummary (ActionMaintenanceSummary*) >
<!ATTLIST TestMaintenanceSummary ObjectsAdded CDATA #REQUIRED ObjectsUpdated CDATA #REQUIRED StepsUpdated CDATA #REQUIRED StepsComments CDATA #REQUIRED><!ELEMENT ActionMaintenanceSummary (ObjectChange* ) >
<!ATTLIST ActionMaintenanceSummary Action CDATA #REQUIRED Objects CDATA #REQUIRED Updated CDATA #REQUIRED LinesTotal CDATA #REQUIRED Added CDATA #REQUIRED LinesUpdated CDATA #REQUIRED>

<!ELEMENT ObjectChange  (Hierarchy, PropertyChangeList* ) >
<!ATTLIST ObjectChange Operation CDATA #IMPLIED OriginalRepository CDATA #IMPLIED>

<!ELEMENT PropertyChangeList (PropertyDef*) >

<!ELEMENT PropertyDef (OriginalValue, NewValue) >
<!ATTLIST PropertyDef PropName CDATA #REQUIRED OriginRegularExpression (True|False) "False" NewRegularExpression (True|False) "False" AddedProperty (True|False) "False" >

<!ELEMENT OriginalValue ( #PCDATA )>

<!ELEMENT NewValue ( #PCDATA )>

<!ELEMENT Hierarchy  (ObjectName, Hierarchy*) >
<!ATTLIST Hierarchy MicClass CDATA #REQUIRED>

<!ELEMENT ObjectName  ( #PCDATA ) >

<!ELEMENT Step (Obj,Details,Time,TimeTick* ,(Step|HtmlStep|Doc)*, DataMapping?, NodeArgs) >
<!ATTLIST Step rID ID #REQUIRED retval CDATA #IMPLIED>

<!ELEMENT HtmlStep (HTML,TimeTick*,(Step|HtmlStep|Doc)*,NodeArgs) >
<!ATTLIST HtmlStep rID ID #REQUIRED >

<!ELEMENT Obj ( #PCDATA ) >
<!ATTLIST Obj plainTxt (False|True) "True">

<!ELEMENT Details ( #PCDATA ) >
<!ATTLIST Details plainTxt (False|True) "True">

<!ELEMENT Time ( #PCDATA ) >

<!ELEMENT HTML ( #PCDATA ) >

<!ELEMENT Disp ( #PCDATA ) >

<!ELEMENT TimeTick ( #PCDATA ) >

<!ELEMENT DataMapping ( DataMappedItem* )>
<!ELEMENT DataMappedItem EMPTY >
<!ATTLIST DataMappedItem dsName CDATA #REQUIRED >
<!ATTLIST DataMappedItem rowId CDATA #REQUIRED >

<!ELEMENT NodeArgs (Disp,TopPane?,BtmPane?,ExtendedInfo? )>
<!ATTLIST NodeArgs eType CDATA #REQUIRED icon CDATA #REQUIRED nRep CDATA #REQUIRED UserNote CDATA #IMPLIED filter (False|True) "True">
<!ATTLIST NodeArgs status (Passed|Failed|Done|Warning|Information) "Done">
<!ATTLIST NodeArgs iconSel CDATA #IMPLIED nType CDATA #IMPLIED MovieMarker CDATA "">
<!ATTLIST NodeArgs Source CDATA #IMPLIED SourceLine CDATA #IMPLIED StepFlowItemKey CDATA #IMPLIED >

<!ELEMENT TopPane (Path)>

<!ELEMENT BtmPane ( (Path|WR)?,ASHilite?)>
<!ATTLIST BtmPane vType CDATA "HTML">

<!ELEMENT Path ( #PCDATA ) >

<!ELEMENT ASHilite ( #PCDATA ) >

<!ELEMENT WR ( #PCDATA ) >

<!ELEMENT ExtendedInfo ( StepData ) >

<!ATTLIST ExtendedInfo StepType CDATA #REQUIRED>
<!ELEMENT DT (NodeArgs) >
<!ATTLIST DT rID ID #REQUIRED>

<!ELEMENT Summary (Param*)>
<!ATTLIST Summary sTime CDATA #IMPLIED eTime CDATA #IMPLIED passed CDATA #IMPLIED failed CDATA #IMPLIED warnings CDATA #IMPLIED retval CDATA #IMPLIED stopped (False|True) "False" >

<!ELEMENT Param (ParamName,ParamVal)+ >
<!ATTLIST Param paramInOut (In|Out) "In">

<!ELEMENT ParamName ( #PCDATA ) >

<!ELEMENT ParamVal ( #PCDATA ) >

]
>
<Report ver="2.0" tmZone="中国标准时间">
<General productName="Vugen" productVer="12" os="" host="LAPTOP-12V3EN0L"><DocLocation><![CDATA[C:\Users\user\Documents\VuGen\Scripts\LoginAndHistory]]></DocLocation></General>
<Doc rID="T1"   productName= "Vugen"  >
<DName><![CDATA[LoginAndHistory]]></DName>
<Res><![CDATA[result1]]></Res>
<Action rID="T2">
<AName><![CDATA[vuser_init]]></AName>
<Step rID="T3">
<Obj plainTxt="False" ><![CDATA[Url: Timeline]]></Obj>
<Details plainTxt="False" ><![CDATA[<CENTER><STRONG><FONT COLOR=#009A63>步骤已成功完成</FONT></STRONG></CENTER>]]></Details>
<Time><![CDATA[2019/1/10 - 16:55:27]]></Time>
<TimeTick>1547110527</TimeTick>
<NodeArgs eType="General" icon="3" nRep="6" status="Passed" >
<Disp><![CDATA[Url: Timeline]]></Disp>
<BtmPane vType="HTMLSNSH" >
<Path><![CDATA[\Iteration1\t1.inf]]></Path>
</BtmPane>
</NodeArgs>
</Step>
<Step rID="T4">
<Obj plainTxt="False" ><![CDATA[Service: Concurrent Group - start]]></Obj>
<Details plainTxt="False" ><![CDATA[<CENTER>并发组已启动</CENTER>]]></Details>
<Time><![CDATA[2019/1/10 - 16:55:27]]></Time>
<TimeTick>1547110527</TimeTick>
<NodeArgs eType="General" icon="4" nRep="7" >
<Disp><![CDATA[Service: Concurrent Group - start]]></Disp>
</NodeArgs>
</Step>
<Step rID="T5">
<Obj plainTxt="False" ><![CDATA[Url: style.css]]></Obj>
<Details plainTxt="False" ><![CDATA[<CENTER><STRONG><FONT COLOR=#009A63>Url: style.css 已成功注册</FONT></STRONG></CENTER>]]></Details>
<Time><![CDATA[2019/1/10 - 16:55:27]]></Time>
<TimeTick>1547110527</TimeTick>
<NodeArgs eType="General" icon="3" nRep="8" >
<Disp><![CDATA[Url: style.css]]></Disp>
</NodeArgs>
</Step>
<Step rID="T6">
<Obj plainTxt="False" ><![CDATA[Url: index.css]]></Obj>
<Details plainTxt="False" ><![CDATA[<CENTER><STRONG><FONT COLOR=#009A63>Url: index.css 已成功注册</FONT></STRONG></CENTER>]]></Details>
<Time><![CDATA[2019/1/10 - 16:55:27]]></Time>
<TimeTick>1547110527</TimeTick>
<NodeArgs eType="General" icon="3" nRep="9" >
<Disp><![CDATA[Url: index.css]]></Disp>
</NodeArgs>
</Step>
<Step rID="T7">
<Obj plainTxt="False" ><![CDATA[Url: login.js]]></Obj>
<Details plainTxt="False" ><![CDATA[<CENTER><STRONG><FONT COLOR=#009A63>Url: login.js 已成功注册</FONT></STRONG></CENTER>]]></Details>
<Time><![CDATA[2019/1/10 - 16:55:27]]></Time>
<TimeTick>1547110527</TimeTick>
<NodeArgs eType="General" icon="3" nRep="10" >
<Disp><![CDATA[Url: login.js]]></Disp>
</NodeArgs>
</Step>
<Step rID="T8">
<Obj plainTxt="False" ><![CDATA[Url: login.png]]></Obj>
<Details plainTxt="False" ><![CDATA[<CENTER><STRONG><FONT COLOR=#009A63>Url: login.png 已成功注册</FONT></STRONG></CENTER>]]></Details>
<Time><![CDATA[2019/1/10 - 16:55:27]]></Time>
<TimeTick>1547110527</TimeTick>
<NodeArgs eType="General" icon="3" nRep="11" >
<Disp><![CDATA[Url: login.png]]></Disp>
</NodeArgs>
</Step>
<Step rID="T9">
<Obj plainTxt="False" ><![CDATA[Service: Concurrent Group - end]]></Obj>
<Details plainTxt="False" ><![CDATA[<CENTER>并发组已结束</CENTER>]]></Details>
<Time><![CDATA[2019/1/10 - 16:55:28]]></Time>
<TimeTick>1547110528</TimeTick>
<NodeArgs eType="General" icon="5" nRep="12" >
<Disp><![CDATA[Service: Concurrent Group - end]]></Disp>
</NodeArgs>
</Step>
<Summary sTime="2019/1/10 - 16:55:27" eTime="2019/1/10 - 16:55:28" passed="1" failed="0" warnings="0" ></Summary>
<NodeArgs eType="StartAction" icon="2" nRep="5" status="Passed" >
<Disp><![CDATA[vuser_init 摘要]]></Disp>
</NodeArgs>
</Action>
<DIter rID="T10" iterID="1" >
<Action rID="T11">
<AName><![CDATA[Action]]></AName>
<Step rID="T12">
<Obj plainTxt="False" ><![CDATA[Submit Data: LoginServlet]]></Obj>
<Details plainTxt="False" ><![CDATA[<CENTER><STRONG><FONT COLOR=#009A63>步骤已成功完成</FONT></STRONG></CENTER>]]></Details>
<Time><![CDATA[2019/1/10 - 16:55:31]]></Time>
<TimeTick>1547110531</TimeTick>
<NodeArgs eType="General" icon="7" nRep="16" status="Passed" >
<Disp><![CDATA[Submit Data: LoginServlet]]></Disp>
<BtmPane vType="HTMLSNSH" >
<Path><![CDATA[\Iteration1\t6.inf]]></Path>
</BtmPane>
</NodeArgs>
</Step>
<Step rID="T13">
<Obj plainTxt="False" ><![CDATA[Service: Concurrent Group - start]]></Obj>
<Details plainTxt="False" ><![CDATA[<CENTER>并发组已启动</CENTER>]]></Details>
<Time><![CDATA[2019/1/10 - 16:55:31]]></Time>
<TimeTick>1547110531</TimeTick>
<NodeArgs eType="General" icon="4" nRep="17" >
<Disp><![CDATA[Service: Concurrent Group - start]]></Disp>
</NodeArgs>
</Step>
<Step rID="T14">
<Obj plainTxt="False" ><![CDATA[Url: home.css]]></Obj>
<Details plainTxt="False" ><![CDATA[<CENTER><STRONG><FONT COLOR=#009A63>Url: home.css 已成功注册</FONT></STRONG></CENTER>]]></Details>
<Time><![CDATA[2019/1/10 - 16:55:31]]></Time>
<TimeTick>1547110531</TimeTick>
<NodeArgs eType="General" icon="3" nRep="18" >
<Disp><![CDATA[Url: home.css]]></Disp>
</NodeArgs>
</Step>
<Step rID="T15">
<Obj plainTxt="False" ><![CDATA[Url: registerSuccess.css]]></Obj>
<Details plainTxt="False" ><![CDATA[<CENTER><STRONG><FONT COLOR=#009A63>Url: registerSuccess.css 已成功注册</FONT></STRONG></CENTER>]]></Details>
<Time><![CDATA[2019/1/10 - 16:55:31]]></Time>
<TimeTick>1547110531</TimeTick>
<NodeArgs eType="General" icon="3" nRep="19" >
<Disp><![CDATA[Url: registerSuccess.css]]></Disp>
</NodeArgs>
</Step>
<Step rID="T16">
<Obj plainTxt="False" ><![CDATA[Url: home.js]]></Obj>
<Details plainTxt="False" ><![CDATA[<CENTER><STRONG><FONT COLOR=#009A63>Url: home.js 已成功注册</FONT></STRONG></CENTER>]]></Details>
<Time><![CDATA[2019/1/10 - 16:55:31]]></Time>
<TimeTick>1547110531</TimeTick>
<NodeArgs eType="General" icon="3" nRep="20" >
<Disp><![CDATA[Url: home.js]]></Disp>
</NodeArgs>
</Step>
<Step rID="T17">
<Obj plainTxt="False" ><![CDATA[Url: 3.jpg]]></Obj>
<Details plainTxt="False" ><![CDATA[<CENTER><STRONG><FONT COLOR=#009A63>Url: 3.jpg 已成功注册</FONT></STRONG></CENTER>]]></Details>
<Time><![CDATA[2019/1/10 - 16:55:31]]></Time>
<TimeTick>1547110531</TimeTick>
<NodeArgs eType="General" icon="3" nRep="21" >
<Disp><![CDATA[Url: 3.jpg]]></Disp>
</NodeArgs>
</Step>
<Step rID="T18">
<Obj plainTxt="False" ><![CDATA[Url: 7.jpg]]></Obj>
<Details plainTxt="False" ><![CDATA[<CENTER><STRONG><FONT COLOR=#009A63>Url: 7.jpg 已成功注册</FONT></STRONG></CENTER>]]></Details>
<Time><![CDATA[2019/1/10 - 16:55:31]]></Time>
<TimeTick>1547110531</TimeTick>
<NodeArgs eType="General" icon="3" nRep="22" >
<Disp><![CDATA[Url: 7.jpg]]></Disp>
</NodeArgs>
</Step>
<Step rID="T19">
<Obj plainTxt="False" ><![CDATA[Url: 4.jpg]]></Obj>
<Details plainTxt="False" ><![CDATA[<CENTER><STRONG><FONT COLOR=#009A63>Url: 4.jpg 已成功注册</FONT></STRONG></CENTER>]]></Details>
<Time><![CDATA[2019/1/10 - 16:55:31]]></Time>
<TimeTick>1547110531</TimeTick>
<NodeArgs eType="General" icon="3" nRep="23" >
<Disp><![CDATA[Url: 4.jpg]]></Disp>
</NodeArgs>
</Step>
<Step rID="T20">
<Obj plainTxt="False" ><![CDATA[Url: 5.jpg]]></Obj>
<Details plainTxt="False" ><![CDATA[<CENTER><STRONG><FONT COLOR=#009A63>Url: 5.jpg 已成功注册</FONT></STRONG></CENTER>]]></Details>
<Time><![CDATA[2019/1/10 - 16:55:31]]></Time>
<TimeTick>1547110531</TimeTick>
<NodeArgs eType="General" icon="3" nRep="24" >
<Disp><![CDATA[Url: 5.jpg]]></Disp>
</NodeArgs>
</Step>
<Step rID="T21">
<Obj plainTxt="False" ><![CDATA[Url: 9.jpg]]></Obj>
<Details plainTxt="False" ><![CDATA[<CENTER><STRONG><FONT COLOR=#009A63>Url: 9.jpg 已成功注册</FONT></STRONG></CENTER>]]></Details>
<Time><![CDATA[2019/1/10 - 16:55:31]]></Time>
<TimeTick>1547110531</TimeTick>
<NodeArgs eType="General" icon="3" nRep="25" >
<Disp><![CDATA[Url: 9.jpg]]></Disp>
</NodeArgs>
</Step>
<Step rID="T22">
<Obj plainTxt="False" ><![CDATA[Url: 10.jpg]]></Obj>
<Details plainTxt="False" ><![CDATA[<CENTER><STRONG><FONT COLOR=#009A63>Url: 10.jpg 已成功注册</FONT></STRONG></CENTER>]]></Details>
<Time><![CDATA[2019/1/10 - 16:55:31]]></Time>
<TimeTick>1547110531</TimeTick>
<NodeArgs eType="General" icon="3" nRep="26" >
<Disp><![CDATA[Url: 10.jpg]]></Disp>
</NodeArgs>
</Step>
<Step rID="T23">
<Obj plainTxt="False" ><![CDATA[Url: 2.jpg]]></Obj>
<Details plainTxt="False" ><![CDATA[<CENTER><STRONG><FONT COLOR=#009A63>Url: 2.jpg 已成功注册</FONT></STRONG></CENTER>]]></Details>
<Time><![CDATA[2019/1/10 - 16:55:31]]></Time>
<TimeTick>1547110531</TimeTick>
<NodeArgs eType="General" icon="3" nRep="27" >
<Disp><![CDATA[Url: 2.jpg]]></Disp>
</NodeArgs>
</Step>
<Step rID="T24">
<Obj plainTxt="False" ><![CDATA[Url: 1.jpg]]></Obj>
<Details plainTxt="False" ><![CDATA[<CENTER><STRONG><FONT COLOR=#009A63>Url: 1.jpg 已成功注册</FONT></STRONG></CENTER>]]></Details>
<Time><![CDATA[2019/1/10 - 16:55:31]]></Time>
<TimeTick>1547110531</TimeTick>
<NodeArgs eType="General" icon="3" nRep="28" >
<Disp><![CDATA[Url: 1.jpg]]></Disp>
</NodeArgs>
</Step>
<Step rID="T25">
<Obj plainTxt="False" ><![CDATA[Url: 8.jpg]]></Obj>
<Details plainTxt="False" ><![CDATA[<CENTER><STRONG><FONT COLOR=#009A63>Url: 8.jpg 已成功注册</FONT></STRONG></CENTER>]]></Details>
<Time><![CDATA[2019/1/10 - 16:55:31]]></Time>
<TimeTick>1547110531</TimeTick>
<NodeArgs eType="General" icon="3" nRep="29" >
<Disp><![CDATA[Url: 8.jpg]]></Disp>
</NodeArgs>
</Step>
<Step rID="T26">
<Obj plainTxt="False" ><![CDATA[Service: Concurrent Group - end]]></Obj>
<Details plainTxt="False" ><![CDATA[<CENTER>并发组已结束</CENTER>]]></Details>
<Time><![CDATA[2019/1/10 - 16:55:32]]></Time>
<TimeTick>1547110532</TimeTick>
<NodeArgs eType="General" icon="5" nRep="30" >
<Disp><![CDATA[Service: Concurrent Group - end]]></Disp>
</NodeArgs>
</Step>
<Step rID="T27">
<Obj plainTxt="False" ><![CDATA[Url: GetInfoServlet]]></Obj>
<Details plainTxt="False" ><![CDATA[<CENTER><STRONG><FONT COLOR=#009A63>内容类型 ""DummyContentType"" 的资源已成功加载</FONT></STRONG></CENTER>]]></Details>
<Time><![CDATA[2019/1/10 - 16:55:35]]></Time>
<TimeTick>1547110535</TimeTick>
<NodeArgs eType="General" icon="3" nRep="31" status="Passed" >
<Disp><![CDATA[Url: GetInfoServlet]]></Disp>
</NodeArgs>
</Step>
<Step rID="T28">
<Obj plainTxt="False" ><![CDATA[Url: 6.jpg]]></Obj>
<Details plainTxt="False" ><![CDATA[<CENTER><STRONG><FONT COLOR=#009A63>步骤已成功完成</FONT></STRONG></CENTER>]]></Details>
<Time><![CDATA[2019/1/10 - 16:55:35]]></Time>
<TimeTick>1547110535</TimeTick>
<NodeArgs eType="General" icon="3" nRep="32" status="Passed" >
<Disp><![CDATA[Url: 6.jpg]]></Disp>
<BtmPane vType="HTMLSNSH" >
<Path><![CDATA[\Iteration1\t20.inf]]></Path>
</BtmPane>
</NodeArgs>
</Step>
<Summary sTime="2019/1/10 - 16:55:29" eTime="2019/1/10 - 16:55:36" passed="3" failed="0" warnings="0" ></Summary>
<NodeArgs eType="StartAction" icon="2" nRep="15" status="Passed" >
<Disp><![CDATA[Action 摘要]]></Disp>
</NodeArgs>
</Action>
<NodeArgs eType="StartIteration" icon="6" nRep="14" status="Passed" >
<Disp><![CDATA[LoginAndHistory 迭代 1 (行 1)]]></Disp>
</NodeArgs>
</DIter>
<Action rID="T29">
<AName><![CDATA[vuser_end]]></AName>
<Summary sTime="2019/1/10 - 16:55:37" eTime="2019/1/10 - 16:55:37" passed="0" failed="0" warnings="0" ></Summary>
<NodeArgs eType="StartAction" icon="2" nRep="35" >
<Disp><![CDATA[vuser_end 摘要]]></Disp>
</NodeArgs>
</Action>
<Summary sTime="2019/1/10 - 16:55:24" eTime="2019/1/10 - 16:55:41" passed="4" failed="0" warnings="0" ></Summary>
<NodeArgs eType="StartTest" icon="1" nRep="4" status="Passed" >
<Disp><![CDATA[测试 LoginAndHistory 摘要]]></Disp>
</NodeArgs>
</Doc>
</Report>