{
  "FilterHeaders": [
    {
      "Header": "user-agent",
      "IncludeInScript": false
    },
    {
      "Header": "cache-control",
      "IncludeInScript": false
    },
    {
      "Header": "accept-language",
      "IncludeInScript": false
    },
    {
      "Header": "accept-encoding",
      "IncludeInScript": false
    },
    {
      "Header": "accept",
      "IncludeInScript": false
    }
  ],
  "FilterResources": [
    {
      "IsNonResource": true,
      "type": "text/html"
    },
    {
      "IsNonResource": false,
      "type": "text/css"
    },
    {
      "IsNonResource": false,
      "type": "image/png"
    },
    {
      "IsNonResource": false,
      "type": "image/jpeg"
    },
    {
      "IsNonResource": false,
      "type": "application/javascript"
    }
  ],
  "GeneralInfo": {
    "BrowserVersion": "",
    "MaxUsedConnections": 11,
    "RecordedBrowser": "Internet Explorer",
    "RecordingDate": "1月-10-2019",
    "RecordingDuration": 55515,
    "RecordingTimeStamp": 1547110311,
    "TotalBytesReceived": 1218706,
    "TotalBytesSent": 8647,
    "TotalRequests": 23
  },
  "HostInfo": [
    {
      "DomainName": "localhost",
      "Domains": [
        {
          "HTTPVersion": "HTTP/1.1",
          "IP": "[::1]",
          "IncludeInScript": true,
          "Name": "localhost",
          "Port": 8080,
          "Requests": [
            {
              "CompressionType": "",
              "DataType": "image/jpeg",
              "DownloadTime": 16,
              "EventId": 153,
              "HttpStatus": 200,
              "Size": 34679,
              "URL": "http://localhost:8080/Timeline/img/6.jpg"
            },
            {
              "CompressionType": "",
              "DataType": "",
              "DownloadTime": 1172,
              "EventId": 150,
              "HttpStatus": 200,
              "Size": 6396,
              "URL": "http://localhost:8080/Timeline/GetInfoServlet?start=10"
            },
            {
              "CompressionType": "",
              "DataType": "text/html",
              "DownloadTime": 16,
              "EventId": 135,
              "HttpStatus": 404,
              "Size": 1079,
              "URL": "http://localhost:8080/favicon.ico"
            },
            {
              "CompressionType": "",
              "DataType": "image/jpeg",
              "DownloadTime": 63,
              "EventId": 105,
              "HttpStatus": 200,
              "Size": 12313,
              "URL": "http://localhost:8080/Timeline/img/8.jpg"
            },
            {
              "CompressionType": "",
              "DataType": "image/jpeg",
              "DownloadTime": 32,
              "EventId": 102,
              "HttpStatus": 200,
              "Size": 20481,
              "URL": "http://localhost:8080/Timeline/img/1.jpg"
            },
            {
              "CompressionType": "",
              "DataType": "image/jpeg",
              "DownloadTime": 47,
              "EventId": 99,
              "HttpStatus": 200,
              "Size": 88337,
              "URL": "http://localhost:8080/Timeline/img/2.jpg"
            },
            {
              "CompressionType": "",
              "DataType": "image/jpeg",
              "DownloadTime": 78,
              "EventId": 97,
              "HttpStatus": 200,
              "Size": 59250,
              "URL": "http://localhost:8080/Timeline/img/10.jpg"
            },
            {
              "CompressionType": "",
              "DataType": "image/jpeg",
              "DownloadTime": 31,
              "EventId": 94,
              "HttpStatus": 200,
              "Size": 354270,
              "URL": "http://localhost:8080/Timeline/img/9.jpg"
            },
            {
              "CompressionType": "",
              "DataType": "image/jpeg",
              "DownloadTime": 16,
              "EventId": 92,
              "HttpStatus": 200,
              "Size": 31323,
              "URL": "http://localhost:8080/Timeline/img/5.jpg"
            },
            {
              "CompressionType": "",
              "DataType": "image/jpeg",
              "DownloadTime": 62,
              "EventId": 78,
              "HttpStatus": 200,
              "Size": 120617,
              "URL": "http://localhost:8080/Timeline/img/4.jpg"
            },
            {
              "CompressionType": "",
              "DataType": "image/jpeg",
              "DownloadTime": 47,
              "EventId": 74,
              "HttpStatus": 200,
              "Size": 16444,
              "URL": "http://localhost:8080/Timeline/img/7.jpg"
            },
            {
              "CompressionType": "",
              "DataType": "image/jpeg",
              "DownloadTime": 47,
              "EventId": 72,
              "HttpStatus": 200,
              "Size": 39192,
              "URL": "http://localhost:8080/Timeline/img/3.jpg"
            },
            {
              "CompressionType": "",
              "DataType": "application/javascript",
              "DownloadTime": 78,
              "EventId": 70,
              "HttpStatus": 200,
              "Size": 157,
              "URL": "http://localhost:8080/Timeline/js/home.js"
            },
            {
              "CompressionType": "",
              "DataType": "text/css",
              "DownloadTime": 32,
              "EventId": 68,
              "HttpStatus": 200,
              "Size": 322,
              "URL": "http://localhost:8080/Timeline/css/registerSuccess.css"
            },
            {
              "CompressionType": "",
              "DataType": "text/css",
              "DownloadTime": 32,
              "EventId": 66,
              "HttpStatus": 200,
              "Size": 2181,
              "URL": "http://localhost:8080/Timeline/css/home.css"
            },
            {
              "CompressionType": "",
              "DataType": "text/html",
              "DownloadTime": 1313,
              "EventId": 63,
              "HttpStatus": 200,
              "Size": 8295,
              "URL": "http://localhost:8080/Timeline/home.jsp?id=860"
            },
            {
              "CompressionType": "",
              "DataType": "text/html",
              "DownloadTime": 156,
              "EventId": 58,
              "HttpStatus": 302,
              "Size": 0,
              "URL": "http://localhost:8080/Timeline/LoginServlet"
            },
            {
              "CompressionType": "",
              "DataType": "text/html",
              "DownloadTime": 0,
              "EventId": 46,
              "HttpStatus": 404,
              "Size": 1079,
              "URL": "http://localhost:8080/favicon.ico"
            },
            {
              "CompressionType": "",
              "DataType": "image/png",
              "DownloadTime": 31,
              "EventId": 20,
              "HttpStatus": 200,
              "Size": 406705,
              "URL": "http://localhost:8080/Timeline/img/login.png"
            },
            {
              "CompressionType": "",
              "DataType": "application/javascript",
              "DownloadTime": 16,
              "EventId": 17,
              "HttpStatus": 200,
              "Size": 1064,
              "URL": "http://localhost:8080/Timeline/js/login.js"
            },
            {
              "CompressionType": "",
              "DataType": "text/css",
              "DownloadTime": 31,
              "EventId": 14,
              "HttpStatus": 200,
              "Size": 5892,
              "URL": "http://localhost:8080/Timeline/css/index.css"
            },
            {
              "CompressionType": "",
              "DataType": "text/css",
              "DownloadTime": 16,
              "EventId": 12,
              "HttpStatus": 200,
              "Size": 4089,
              "URL": "http://localhost:8080/Timeline/css/style.css"
            },
            {
              "CompressionType": "",
              "DataType": "text/html",
              "DownloadTime": 0,
              "EventId": 10,
              "HttpStatus": 200,
              "Size": 4541,
              "URL": "http://localhost:8080/Timeline/"
            }
          ],
          "SSLCipher": "None",
          "SSLVersion": "None"
        }
      ],
      "IncludeInScript": true
    }
  ],
  "WebSocket": {
    "IncludeInScript": false,
    "IsScriptIncludeWebSocket": false
  },
  "NumberOfCorrelations": 0
}