{
  "FilterHeaders": [
    {
      "Header": "user-agent",
      "IncludeInScript": false
    },
    {
      "Header": "if-none-match",
      "IncludeInScript": false
    },
    {
      "Header": "if-modified-since",
      "IncludeInScript": false
    },
    {
      "Header": "cache-control",
      "IncludeInScript": false
    },
    {
      "Header": "accept-language",
      "IncludeInScript": false
    },
    {
      "Header": "accept-encoding",
      "IncludeInScript": false
    },
    {
      "Header": "accept",
      "IncludeInScript": false
    }
  ],
  "FilterResources": [
    {
      "IsNonResource": true,
      "type": "text/html"
    },
    {
      "IsNonResource": false,
      "type": "text/css"
    },
    {
      "IsNonResource": false,
      "type": "image/png"
    },
    {
      "IsNonResource": false,
      "type": "image/jpeg"
    },
    {
      "IsNonResource": false,
      "type": "application/javascript"
    }
  ],
  "GeneralInfo": {
    "BrowserVersion": "",
    "MaxUsedConnections": 8,
    "RecordedBrowser": "Internet Explorer",
    "RecordingDate": "1月-10-2019",
    "RecordingDuration": 54141,
    "RecordingTimeStamp": 1547108651,
    "TotalBytesReceived": 1185932,
    "TotalBytesSent": 14582,
    "TotalRequests": 35
  },
  "HostInfo": [
    {
      "DomainName": "localhost",
      "Domains": [
        {
          "HTTPVersion": "HTTP/1.1",
          "IP": "[::1]",
          "IncludeInScript": true,
          "Name": "localhost",
          "Port": 8080,
          "Requests": [
            {
              "CompressionType": "",
              "DataType": "",
              "DownloadTime": 16,
              "EventId": 170,
              "HttpStatus": 304,
              "Size": 0,
              "URL": "http://localhost:8080/Timeline/img/1.jpg"
            },
            {
              "CompressionType": "",
              "DataType": "",
              "DownloadTime": 0,
              "EventId": 168,
              "HttpStatus": 304,
              "Size": 0,
              "URL": "http://localhost:8080/Timeline/img/2.jpg"
            },
            {
              "CompressionType": "",
              "DataType": "",
              "DownloadTime": 15,
              "EventId": 165,
              "HttpStatus": 304,
              "Size": 0,
              "URL": "http://localhost:8080/Timeline/img/8.jpg"
            },
            {
              "CompressionType": "",
              "DataType": "",
              "DownloadTime": 31,
              "EventId": 163,
              "HttpStatus": 304,
              "Size": 0,
              "URL": "http://localhost:8080/Timeline/img/9.jpg"
            },
            {
              "CompressionType": "",
              "DataType": "",
              "DownloadTime": 63,
              "EventId": 161,
              "HttpStatus": 304,
              "Size": 0,
              "URL": "http://localhost:8080/Timeline/img/5.jpg"
            },
            {
              "CompressionType": "",
              "DataType": "",
              "DownloadTime": 15,
              "EventId": 159,
              "HttpStatus": 304,
              "Size": 0,
              "URL": "http://localhost:8080/Timeline/img/10.jpg"
            },
            {
              "CompressionType": "",
              "DataType": "",
              "DownloadTime": 62,
              "EventId": 157,
              "HttpStatus": 304,
              "Size": 0,
              "URL": "http://localhost:8080/Timeline/img/7.jpg"
            },
            {
              "CompressionType": "",
              "DataType": "",
              "DownloadTime": 15,
              "EventId": 155,
              "HttpStatus": 304,
              "Size": 0,
              "URL": "http://localhost:8080/Timeline/img/4.jpg"
            },
            {
              "CompressionType": "",
              "DataType": "",
              "DownloadTime": 15,
              "EventId": 153,
              "HttpStatus": 304,
              "Size": 0,
              "URL": "http://localhost:8080/Timeline/img/3.jpg"
            },
            {
              "CompressionType": "",
              "DataType": "",
              "DownloadTime": 0,
              "EventId": 151,
              "HttpStatus": 304,
              "Size": 0,
              "URL": "http://localhost:8080/Timeline/js/home.js"
            },
            {
              "CompressionType": "",
              "DataType": "",
              "DownloadTime": 0,
              "EventId": 149,
              "HttpStatus": 304,
              "Size": 0,
              "URL": "http://localhost:8080/Timeline/css/registerSuccess.css"
            },
            {
              "CompressionType": "",
              "DataType": "",
              "DownloadTime": 0,
              "EventId": 147,
              "HttpStatus": 304,
              "Size": 0,
              "URL": "http://localhost:8080/Timeline/css/home.css"
            },
            {
              "CompressionType": "",
              "DataType": "",
              "DownloadTime": 16,
              "EventId": 145,
              "HttpStatus": 304,
              "Size": 0,
              "URL": "http://localhost:8080/Timeline/css/style.css"
            },
            {
              "CompressionType": "",
              "DataType": "text/html",
              "DownloadTime": 1156,
              "EventId": 138,
              "HttpStatus": 200,
              "Size": 8298,
              "URL": "http://localhost:8080/Timeline/home.jsp?id=860"
            },
            {
              "CompressionType": "",
              "DataType": "text/html",
              "DownloadTime": 0,
              "EventId": 132,
              "HttpStatus": 404,
              "Size": 1079,
              "URL": "http://localhost:8080/favicon.ico"
            },
            {
              "CompressionType": "",
              "DataType": "image/jpeg",
              "DownloadTime": 47,
              "EventId": 101,
              "HttpStatus": 200,
              "Size": 354270,
              "URL": "http://localhost:8080/Timeline/img/9.jpg"
            },
            {
              "CompressionType": "",
              "DataType": "image/jpeg",
              "DownloadTime": 32,
              "EventId": 94,
              "HttpStatus": 200,
              "Size": 20481,
              "URL": "http://localhost:8080/Timeline/img/1.jpg"
            },
            {
              "CompressionType": "",
              "DataType": "image/jpeg",
              "DownloadTime": 32,
              "EventId": 92,
              "HttpStatus": 200,
              "Size": 88337,
              "URL": "http://localhost:8080/Timeline/img/2.jpg"
            },
            {
              "CompressionType": "",
              "DataType": "image/jpeg",
              "DownloadTime": 47,
              "EventId": 88,
              "HttpStatus": 200,
              "Size": 59250,
              "URL": "http://localhost:8080/Timeline/img/10.jpg"
            },
            {
              "CompressionType": "",
              "DataType": "image/jpeg",
              "DownloadTime": 47,
              "EventId": 85,
              "HttpStatus": 200,
              "Size": 12313,
              "URL": "http://localhost:8080/Timeline/img/8.jpg"
            },
            {
              "CompressionType": "",
              "DataType": "image/jpeg",
              "DownloadTime": 63,
              "EventId": 78,
              "HttpStatus": 200,
              "Size": 31323,
              "URL": "http://localhost:8080/Timeline/img/5.jpg"
            },
            {
              "CompressionType": "",
              "DataType": "image/jpeg",
              "DownloadTime": 47,
              "EventId": 72,
              "HttpStatus": 200,
              "Size": 39192,
              "URL": "http://localhost:8080/Timeline/img/3.jpg"
            },
            {
              "CompressionType": "",
              "DataType": "image/jpeg",
              "DownloadTime": 16,
              "EventId": 70,
              "HttpStatus": 200,
              "Size": 16444,
              "URL": "http://localhost:8080/Timeline/img/7.jpg"
            },
            {
              "CompressionType": "",
              "DataType": "image/jpeg",
              "DownloadTime": 31,
              "EventId": 68,
              "HttpStatus": 200,
              "Size": 120617,
              "URL": "http://localhost:8080/Timeline/img/4.jpg"
            },
            {
              "CompressionType": "",
              "DataType": "application/javascript",
              "DownloadTime": 15,
              "EventId": 65,
              "HttpStatus": 200,
              "Size": 157,
              "URL": "http://localhost:8080/Timeline/js/home.js"
            },
            {
              "CompressionType": "",
              "DataType": "text/css",
              "DownloadTime": 31,
              "EventId": 63,
              "HttpStatus": 200,
              "Size": 322,
              "URL": "http://localhost:8080/Timeline/css/registerSuccess.css"
            },
            {
              "CompressionType": "",
              "DataType": "text/css",
              "DownloadTime": 0,
              "EventId": 58,
              "HttpStatus": 200,
              "Size": 2181,
              "URL": "http://localhost:8080/Timeline/css/home.css"
            },
            {
              "CompressionType": "",
              "DataType": "text/html",
              "DownloadTime": 1296,
              "EventId": 55,
              "HttpStatus": 200,
              "Size": 8298,
              "URL": "http://localhost:8080/Timeline/home.jsp?id=860"
            },
            {
              "CompressionType": "",
              "DataType": "text/html",
              "DownloadTime": 110,
              "EventId": 53,
              "HttpStatus": 302,
              "Size": 0,
              "URL": "http://localhost:8080/Timeline/LoginServlet"
            },
            {
              "CompressionType": "",
              "DataType": "text/html",
              "DownloadTime": 0,
              "EventId": 46,
              "HttpStatus": 404,
              "Size": 1079,
              "URL": "http://localhost:8080/favicon.ico"
            },
            {
              "CompressionType": "",
              "DataType": "image/png",
              "DownloadTime": 15,
              "EventId": 20,
              "HttpStatus": 200,
              "Size": 406705,
              "URL": "http://localhost:8080/Timeline/img/login.png"
            },
            {
              "CompressionType": "",
              "DataType": "application/javascript",
              "DownloadTime": 15,
              "EventId": 18,
              "HttpStatus": 200,
              "Size": 1064,
              "URL": "http://localhost:8080/Timeline/js/login.js"
            },
            {
              "CompressionType": "",
              "DataType": "text/css",
              "DownloadTime": 16,
              "EventId": 14,
              "HttpStatus": 200,
              "Size": 5892,
              "URL": "http://localhost:8080/Timeline/css/index.css"
            },
            {
              "CompressionType": "",
              "DataType": "text/css",
              "DownloadTime": 16,
              "EventId": 12,
              "HttpStatus": 200,
              "Size": 4089,
              "URL": "http://localhost:8080/Timeline/css/style.css"
            },
            {
              "CompressionType": "",
              "DataType": "text/html",
              "DownloadTime": 0,
              "EventId": 10,
              "HttpStatus": 200,
              "Size": 4541,
              "URL": "http://localhost:8080/Timeline/"
            }
          ],
          "SSLCipher": "None",
          "SSLVersion": "None"
        }
      ],
      "IncludeInScript": true
    }
  ],
  "WebSocket": {
    "IncludeInScript": false,
    "IsScriptIncludeWebSocket": false
  },
  "NumberOfCorrelations": 0
}