{
  "FilterHeaders": [
    {
      "Header": "user-agent",
      "IncludeInScript": false
    },
    {
      "Header": "cache-control",
      "IncludeInScript": false
    },
    {
      "Header": "accept-language",
      "IncludeInScript": false
    },
    {
      "Header": "accept-encoding",
      "IncludeInScript": false
    },
    {
      "Header": "accept",
      "IncludeInScript": false
    }
  ],
  "FilterResources": [
    {
      "IsNonResource": true,
      "type": "text/html"
    },
    {
      "IsNonResource": false,
      "type": "text/css"
    },
    {
      "IsNonResource": false,
      "type": "image/png"
    },
    {
      "IsNonResource": false,
      "type": "application/javascript"
    }
  ],
  "GeneralInfo": {
    "BrowserVersion": "",
    "MaxUsedConnections": 2,
    "RecordedBrowser": "Internet Explorer",
    "RecordingDate": "1月-10-2019",
    "RecordingDuration": 21375,
    "RecordingTimeStamp": 1547095267,
    "TotalBytesReceived": 425743,
    "TotalBytesSent": 3911,
    "TotalRequests": 11
  },
  "HostInfo": [
    {
      "DomainName": "localhost",
      "Domains": [
        {
          "HTTPVersion": "HTTP/1.1",
          "IP": "[::1]",
          "IncludeInScript": true,
          "Name": "localhost",
          "Port": 8080,
          "Requests": [
            {
              "CompressionType": "",
              "DataType": "text/html",
              "DownloadTime": 15,
              "EventId": 134,
              "HttpStatus": 404,
              "Size": 1079,
              "URL": "http://localhost:8080/favicon.ico"
            },
            {
              "CompressionType": "",
              "DataType": "application/javascript",
              "DownloadTime": 15,
              "EventId": 131,
              "HttpStatus": 200,
              "Size": 231,
              "URL": "http://localhost:8080/Timeline/js/registerSuccess.js"
            },
            {
              "CompressionType": "",
              "DataType": "text/css",
              "DownloadTime": 47,
              "EventId": 129,
              "HttpStatus": 200,
              "Size": 322,
              "URL": "http://localhost:8080/Timeline/css/registerSuccess.css"
            },
            {
              "CompressionType": "",
              "DataType": "text/html",
              "DownloadTime": 172,
              "EventId": 127,
              "HttpStatus": 200,
              "Size": 741,
              "URL": "http://localhost:8080/Timeline/registerSuccess.jsp?id=381"
            },
            {
              "CompressionType": "",
              "DataType": "text/html",
              "DownloadTime": 203,
              "EventId": 125,
              "HttpStatus": 302,
              "Size": 0,
              "URL": "http://localhost:8080/Timeline/RegisterServlet"
            },
            {
              "CompressionType": "",
              "DataType": "text/html",
              "DownloadTime": 16,
              "EventId": 120,
              "HttpStatus": 404,
              "Size": 1079,
              "URL": "http://localhost:8080/favicon.ico"
            },
            {
              "CompressionType": "",
              "DataType": "image/png",
              "DownloadTime": 15,
              "EventId": 94,
              "HttpStatus": 200,
              "Size": 406705,
              "URL": "http://localhost:8080/Timeline/img/login.png"
            },
            {
              "CompressionType": "",
              "DataType": "application/javascript",
              "DownloadTime": 0,
              "EventId": 92,
              "HttpStatus": 200,
              "Size": 1064,
              "URL": "http://localhost:8080/Timeline/js/login.js"
            },
            {
              "CompressionType": "",
              "DataType": "text/css",
              "DownloadTime": 16,
              "EventId": 88,
              "HttpStatus": 200,
              "Size": 5892,
              "URL": "http://localhost:8080/Timeline/css/index.css"
            },
            {
              "CompressionType": "",
              "DataType": "text/css",
              "DownloadTime": 15,
              "EventId": 86,
              "HttpStatus": 200,
              "Size": 4089,
              "URL": "http://localhost:8080/Timeline/css/style.css"
            },
            {
              "CompressionType": "",
              "DataType": "text/html",
              "DownloadTime": 16,
              "EventId": 84,
              "HttpStatus": 200,
              "Size": 4541,
              "URL": "http://localhost:8080/Timeline/"
            }
          ],
          "SSLCipher": "None",
          "SSLVersion": "None"
        }
      ],
      "IncludeInScript": true
    }
  ],
  "WebSocket": {
    "IncludeInScript": false,
    "IsScriptIncludeWebSocket": false
  },
  "NumberOfCorrelations": 0
}