﻿<DataObject comparison="Ordinal">
  <Section id="">
    <Subsections>
      <Section id="General">
        <Subsections />
        <Entries>
          <Entry key="ElapsedTime">
            <double>287.0379153</double>
          </Entry>
          <Entry key="StartedAt">
            <dateTime>2019-01-10T14:16:15.8750363+08:00</dateTime>
          </Entry>
          <Entry key="EndedAt">
            <dateTime>2019-01-10T14:21:02.9129516+08:00</dateTime>
          </Entry>
          <Entry key="ReplayStatus">
            <LastReplayRunStatus>Passed</LastReplayRunStatus>
          </Entry>
          <Entry key="NumberOfReplayErrors">
            <int>0</int>
          </Entry>
          <Entry key="NumberOfReplayCriticalErrors">
            <int>0</int>
          </Entry>
          <Entry key="NumberOfCompilationErrors">
            <int>0</int>
          </Entry>
        </Entries>
      </Section>
    </Subsections>
    <Entries>
      <Entry key="Iterations">
        <int>100</int>
      </Entry>
    </Entries>
  </Section>
</DataObject>