<?xml version="1.0" encoding="utf-8"?>
<VugenScriptMetadata>
  <ScriptName>Regist</ScriptName>
  <Protocol>Web - HTTP/HTML</Protocol>
  <ActionFiles>
    <FileEntry Name="vuser_init.c" Filter="2" />
    <FileEntry Name="Action.c" Filter="2" />
    <FileEntry Name="vuser_end.c" Filter="2" />
  </ActionFiles>
  <GeneralFiles>
    <FileEntry Name="Regist.usr" Filter="4" />
    <FileEntry Name="default.cfg" Filter="4" />
    <FileEntry Name="default.usp" Filter="4" />
    <FileEntry Name="Regist.prm" Filter="2" />
    <FileEntry Name="globals.h" Filter="2" />
    <FileEntry Name="user.dat" Filter="2" />
    <FileEntry Name="combined_Regist.c" Filter="2" />
    <FileEntry Name="pre_cci.c" Filter="2" />
    <FileEntry Name="1179323440.idx" Filter="1" />
    <FileEntry Name="117932344_50X.845.idx" Filter="1" />
    <FileEntry Name="117932344_HOP.903.idx" Filter="1" />
    <FileEntry Name="117932344_jat.807.idx" Filter="1" />
    <FileEntry Name="117932344_mVh.45.idx" Filter="1" />
    <FileEntry Name="117932344_NM7.519.idx" Filter="1" />
    <FileEntry Name="117932344_QBX.207.idx" Filter="1" />
    <FileEntry Name="117932344_QVX.217.idx" Filter="1" />
    <FileEntry Name="Bookmarks.xml" Filter="1" />
    <FileEntry Name="Breakpoints.xml" Filter="1" />
    <FileEntry Name="CompilerLogMetadata.xml" Filter="1" />
    <FileEntry Name="data.zip" Filter="1" />
    <FileEntry Name="logfile.log" Filter="1" />
    <FileEntry Name="mdrv.log" Filter="1" />
    <FileEntry Name="mdrv5zE.655.log" Filter="1" />
    <FileEntry Name="mdrvBo8.899.log" Filter="1" />
    <FileEntry Name="mdrveG3.605.log" Filter="1" />
    <FileEntry Name="mdrvEmM.667.log" Filter="1" />
    <FileEntry Name="mdrvjl5.949.log" Filter="1" />
    <FileEntry Name="mdrvknJ.607.log" Filter="1" />
    <FileEntry Name="mdrvlDc.505.log" Filter="1" />
    <FileEntry Name="mdrvLdq.689.log" Filter="1" />
    <FileEntry Name="mdrvR2t.599.log" Filter="1" />
    <FileEntry Name="mdrvutm.875.log" Filter="1" />
    <FileEntry Name="mdrvvz5.441.log" Filter="1" />
    <FileEntry Name="mdrvXpN.815.log" Filter="1" />
    <FileEntry Name="mdrvXWU.329.log" Filter="1" />
    <FileEntry Name="mdrv_cmd.txt" Filter="1" />
    <FileEntry Name="options.txt" Filter="1" />
    <FileEntry Name="output.bak" Filter="1" />
    <FileEntry Name="output.txt" Filter="1" />
    <FileEntry Name="Regist.c.pickle" Filter="1" />
    <FileEntry Name="Regist.ci" Filter="1" />
    <FileEntry Name="Regist.prm.bak" Filter="1" />
    <FileEntry Name="Regist.sdf" Filter="1" />
    <FileEntry Name="replay.har" Filter="1" />
    <FileEntry Name="ReplaySummaryReport.xml" Filter="1" />
    <FileEntry Name="ScriptUploadMetadata.xml" Filter="1" />
    <FileEntry Name="shunra.shunra" Filter="1" />
    <FileEntry Name="ThumbnailsCache.tmp" Filter="1" />
    <FileEntry Name="UserTasks.xml" Filter="1" />
    <FileEntry Name="data\" Filter="1" />
    <FileEntry Name="res\" Filter="1" />
    <FileEntry Name="result1\" Filter="1" />
  </GeneralFiles>
</VugenScriptMetadata>